{
  "project_info": {
    "project_number": "592670449612",
    "project_id": "virtualclinic-91d78",
    "storage_bucket": "virtualclinic-91d78.appspot.com"
  },
  "client": [
    {
      "client_info": {
        "mobilesdk_app_id": "1:592670449612:android:741778218746bc058e8769",
        "android_client_info": {
          "package_name": "com.example.doctorandpatient"
        }
      },
      "oauth_client": [
        {
          "client_id": "592670449612-7jskumcmq0tbfhrgcbbu5mt9d8bm22be.apps.googleusercontent.com",
          "client_type": 3
        }
      ],
      "api_key": [
        {
          "current_key": "AIzaSyBmZIq6itTn3f1e3fGnHySJmQJeksbapL4"
        }
      ],
      "services": {
        "appinvite_service": {
          "other_platform_oauth_client": [
            {
              "client_id": "592670449612-7jskumcmq0tbfhrgcbbu5mt9d8bm22be.apps.googleusercontent.com",
              "client_type": 3
            }
          ]
        }
      }
    }
  ],
  "configuration_version": "1"
}